Cód. Estruturado,DescricaoItem,Categoria,cod_item
01090200101OBR,Concreto usinado Fck 30 MPa brita 0 slump 10+-2,Concreto Usinado,612
01080100601OBR,Concreto usinado Fck 30 MPa brita 0 slump 24+-2 C=400 kg/m³,Concreto Usinado,616
01090100105OBR,"Aco CA50 12,5 mm",Aço e Acessórios,958
01090100104OBR,Aco CA50 10 mm,Aço e Acessórios,957
01050400105OBR,"Caminhao munck acima de 12 ton a 14,7 ton locacao horaria",Locação de Equipamentos Pesados,10258
01090100103OBR,Aco CA50 8 mm,Aço e Acessórios,963
01090400102OBR,"Madeirite chapa compensada plastificada 1,10 x 2,20 m 17 mm",Madeira,2602
01090100108OBR,Aco CA50 25 mm,Aço e Acessórios,961
01090100107OBR,Aco CA50 20 mm,Aço e Acessórios,960
01050100102OBR,Caminhao munck ate 12 ton locacao horaria,Locação de Equipamentos Pesados,10260
01090100106OBR,Aco CA50 16 mm,Aço e Acessórios,959
01080200201OBR,Concreto usinado Fck 30 MPa brita 0 slump 10+-2,Concreto Usinado,612
01090100102OBR,"Aco CA50 6,3 mm",Aço e Acessórios,962
01080100301OBR,Furacao de estaca helice continua DN60 cm,Mão de Obra de Contenção e Fundação,178
01090400101OBR,"Madeirite chapa compensada plastificada 1,10 x 2,20 m 17 mm",Madeira,2602
01080100201OBR,Furacao de estaca helice continua DN50 cm,Mão de Obra de Contenção e Fundação,177
01080100701OBR,Barra de aco CA50 16 mm barra 12 m,Aço e Acessórios,966
01210100101OBR,Bacia sanitaria em louca com caixa acoplada comando duplo,"Louças, Metais e Acessórios",3670
01210100202OBR,"Misturador lavatorio monocomando arejador comando mesa - cromado 1/2""","Louças, Metais e Acessórios",3733
01090100101OBR,Aco CA60 5 mm,Aço e Acessórios,972
01090100201OBR,Arame recozido 18 BWG,Aço e Acessórios,1881
01070100801OBR,Barra de aco CA50 16 mm barra 12 m,Aço e Acessórios,966
01070100301OBR,Furacao de estaca helice continua DN30 cm,Mão de Obra de Contenção e Fundação,175
01020200201OBR,Mini escavadeira de esteira locacao diaria,Locação de Equipamentos Pesados,10243
01250200112OBR,Execucao de paisagismo com acompanhamento tecnico,Serviços de Paisagismo,10133
01180300102OBR,Pintura com textura projetada,Mão de obra de Pintura e Outros Acabamentos,1466
01080200305OBR,"Aco CA50 12,5 mm",Aço e Acessórios,958
01180300104OBR,Pintura com textura projetada,Mão de obra de Pintura e Outros Acabamentos,1466
01090200102OBR,Bomba lanca - comprimento 32 m,Concreto Usinado,10302
01080200307OBR,Aco CA50 20 mm,Aço e Acessórios,960
01070100701OBR,Concreto usinado Fck 30 MPa brita 0 slump 24+-2 C=400 kg/m³,Concreto Usinado,616
01080200308OBR,Aco CA50 25 mm,Aço e Acessórios,961
01050500101OBR,Cacamba capacidade 5 m³ locacao e transporte,Locação de Equipamentos Leves,10273
01180300202OBR,Pintura com textura projetada,Mão de obra de Pintura e Outros Acabamentos,1466
01180300302OBR,Pintura com textura projetada,Mão de obra de Pintura e Outros Acabamentos,1466
01180300402OBR,Pintura com textura projetada,Mão de obra de Pintura e Outros Acabamentos,1466
01180300502OBR,Pintura com textura projetada,Mão de obra de Pintura e Outros Acabamentos,1466
01050100101OBR,Mini escavadeira de esteira locacao diaria,Locação de Equipamentos Pesados,10243
01020100201OBR,Servico preliminar de limpeza do terreno por area,Serviço de Limpeza do Terreno,10011
01180300105OBR,Pintura com textura projetada,Mão de obra de Pintura e Outros Acabamentos,1466
01070200102OBR,Mao de obra de muro fundacao estacas e vigas baldrame,Mão de Obra de Contenção e Fundação,1154
01060100105OBR,"Caibro pinus 3"" x 3"" 3,0 m",Madeira,2884
01080100602OBR,Bomba lanca - comprimento 32 m,Concreto Usinado,10302
01060100202OBR,"Madeirite chapa compensada fenolica 1,10 x 2,20 m 14 mm",Madeira,2612
01260100101OBR,Reparos pre-entrega apartamentos mao de obra,Mão de obra de Pintura e Outros Acabamentos,1433
01070100901OBR,Mao de obra de muro fundacao estacas e vigas baldrame,Mão de Obra de Contenção e Fundação,1154
01080200303OBR,Aco CA50 8 mm,Aço e Acessórios,963
01040200201OBR,Conta de luz mensal - kWh,Energia elétrica,10018
01070101401OBR,"Barra de aco CA50 12,5 mm barra 12 m",Aço e Acessórios,965
01080100703OBR,"Barra de aco CA50 6,3 mm barra 12 m",Aço e Acessórios,969
01020400102OBR,Concreto usinado Fck 20 MPa brita 1 slump 10+-2,Concreto Usinado,603
0102010419OBRP,Bacia sanitaria em louca com caixa acoplada - ecoflush Incepa - Boss,"Louças, Metais e Acessórios",3668
01070100101OBR,Mobilizacao de perfuratriz leve para estaca helice continua,Mão de Obra de Contenção e Fundação,183
01070300102OBR,Mobilizacao de perfuratriz leve para estaca helice continua,Mão de Obra de Contenção e Fundação,183
01080200102OBR,"Madeirite chapa compensada fenolica 1,10 x 2,20 m 14 mm",Madeira,2612
01050200210OBR,"Madeirite chapa compensada plastificada 1,10 x 2,20 m 14 mm",Madeira,2603
01060100201OBR,"Tela aco 5mm malha 10 x 10 cm reforcado 2,0 x 3,0m",Aço e Acessórios,1888
01070101301OBR,Concreto usinado Fck 30 MPa brita 0 slump 24+-2 C=400 kg/m³,Concreto Usinado,616
01050200216OBR,"Madeirite chapa compensada plastificada 1,10 x 2,20 m 14 mm",Madeira,2603
01080200304OBR,Aco CA50 10 mm,Aço e Acessórios,957
01070100802OBR,"Barra de aco CA50 6,3 mm barra 12 m",Aço e Acessórios,969
0102010402OBRP,Misturador monocomando lavatorio bica baixa lift 5L/min - Docol,"Louças, Metais e Acessórios",10841
01050200226OBR,Conteiner locacao mensal,Locação de Equipamentos Pesados,10263
01070100603OBR,Arrasamento de estacas DN 30 cm,Mão de Obra de Contenção e Fundação,1162
01050400103OBR,Caminhao munck ate 12 ton locacao horaria,Locação de Equipamentos Pesados,10260
01080200101OBR,"Madeirite chapa compensada fenolica 1,10 x 2,20 m 14 mm",Madeira,2612
01050200209OBR,Armario roupeiro em aco 16 portas,Materiais de Escritório e Informática,9261
01170301302OBR,"Bobina de salva piso sem cola 1,3 x 100 m",Materiais de Escritório e Informática,7376
01070100201OBR,Furacao de estaca helice continua DN20 cm,Mão de Obra de Contenção e Fundação,10032
01190200101OBR,Materiais para montagem de estrutura de cobertura - em madeira pinus,Madeira,3028
01220500110OBR,"Abrigo - medidores de gas - chapa 1,25 mm - preto",Serralheria,7078
01050200227OBR,Conteiner hidrossanitario locacao mensal,Locação de Equipamentos Pesados,10377
01080200309OBR,Arame recozido 18 BWG,Aço e Acessórios,1881
01240101601OBR,Emassamento 2ª demao,Mão de obra de Pintura e Outros Acabamentos,1303
01050200224OBR,Ar condicionado inverter 20.000 BTUs,Eletrodomésticos,9859
01050200215OBR,"Madeirite chapa compensada plastificada 1,10 x 2,20 m 14 mm",Madeira,2603
01050100103OBR,Banheiro quimico locacao mensal,Locação de Equipamentos Pesados,10264
01240101603OBR,Pintura 1ª demao,Mão de obra de Pintura e Outros Acabamentos,1459
01240101604OBR,Pintura 2ª demao,Mão de obra de Pintura e Outros Acabamentos,1461
01240101201OBR,Emassamento 2ª demao,Mão de obra de Pintura e Outros Acabamentos,1303
01240101901OBR,Emassamento 2ª demao,Mão de obra de Pintura e Outros Acabamentos,1303
01240101801OBR,Emassamento 2ª demao,Mão de obra de Pintura e Outros Acabamentos,1303
01240101501OBR,Emassamento 2ª demao,Mão de obra de Pintura e Outros Acabamentos,1303
01080200202OBR,Bomba lanca - comprimento 32 m,Concreto Usinado,10302
01240101401OBR,Emassamento 2ª demao,Mão de obra de Pintura e Outros Acabamentos,1303
01240101203OBR,Pintura 1ª demao,Mão de obra de Pintura e Outros Acabamentos,1459
01240101204OBR,Pintura 2ª demao,Mão de obra de Pintura e Outros Acabamentos,1461
01240101701OBR,Emassamento 2ª demao,Mão de obra de Pintura e Outros Acabamentos,1303
01240101903OBR,Pintura 1ª demao,Mão de obra de Pintura e Outros Acabamentos,1459
01240101904OBR,Pintura 2ª demao,Mão de obra de Pintura e Outros Acabamentos,1461
01240101803OBR,Pintura 1ª demao,Mão de obra de Pintura e Outros Acabamentos,1459
01240101804OBR,Pintura 2ª demao,Mão de obra de Pintura e Outros Acabamentos,1461
01240101503OBR,Pintura 1ª demao,Mão de obra de Pintura e Outros Acabamentos,1459
01240101504OBR,Pintura 2ª demao,Mão de obra de Pintura e Outros Acabamentos,1461
01240101403OBR,Pintura 1ª demao,Mão de obra de Pintura e Outros Acabamentos,1459
01240101404OBR,Pintura 2ª demao,Mão de obra de Pintura e Outros Acabamentos,1461
01090200105OBR,Concreto usinado Adicional metro cubico faltante,Concreto Usinado,598
01240101703OBR,Pintura 1ª demao,Mão de obra de Pintura e Outros Acabamentos,1459
01240101704OBR,Pintura 2ª demao,Mão de obra de Pintura e Outros Acabamentos,1461
01060100114OBR,"Caibro pinus 3"" x 3"" 3,0 m",Madeira,2884
01240101301OBR,Emassamento 2ª demao,Mão de obra de Pintura e Outros Acabamentos,1303
01080100101OBR,Furacao de estaca helice continua DN40 cm,Mão de Obra de Contenção e Fundação,176
01240101303OBR,Pintura 1ª demao,Mão de obra de Pintura e Outros Acabamentos,1459
01240101304OBR,Pintura 2ª demao,Mão de obra de Pintura e Outros Acabamentos,1461
01120105211OBR,Fitilho para amarracao 50 m,Ferramentas,8768
01180700201OBR,Plantio de mudas arvores,Serviços de Paisagismo,1474
01180700206OBR,Plantio de mudas arvores,Serviços de Paisagismo,1474
01080200306OBR,Aco CA50 16 mm,Aço e Acessórios,959
01180101003OBR,Tela de aco galvanizada eletrosoldada malha 25 x 25 mm,Aço e Acessórios,1890
01180700205OBR,Plantio de mudas arvores,Serviços de Paisagismo,1474
01130101206OBR,"Base Misturador Monocomando 3/4""","Louças, Metais e Acessórios",10063
01130101306OBR,"Base Misturador Monocomando 3/4""","Louças, Metais e Acessórios",10063
01130101406OBR,"Base Misturador Monocomando 3/4""","Louças, Metais e Acessórios",10063
01130101506OBR,"Base Misturador Monocomando 3/4""","Louças, Metais e Acessórios",10063
01130101606OBR,"Base Misturador Monocomando 3/4""","Louças, Metais e Acessórios",10063
01130101706OBR,"Base Misturador Monocomando 3/4""","Louças, Metais e Acessórios",10063
01130101806OBR,"Base Misturador Monocomando 3/4""","Louças, Metais e Acessórios",10063
01130101906OBR,"Base Misturador Monocomando 3/4""","Louças, Metais e Acessórios",10063
01180700203OBR,Plantio de mudas arvores,Serviços de Paisagismo,1474
01210100501OBR,"Acabamento para registro C40 1/2"", 3/4"", 1""","Louças, Metais e Acessórios",3756
01050300102OBR,Duto coletor de entulho em polietileno,Ferramentas,8987
01130106513OBR,"Registro de gaveta volante bruto 65 mm 2.1/2""","Louças, Metais e Acessórios",4450
01050200205OBR,"Madeirite chapa compensada plastificada 1,10 x 2,20 m 14 mm",Madeira,2603
01050200217OBR,Bebedouro coluna inox 02 torneiras,Materiais de Escritório e Informática,9267
01100100603OBR,Tela para amarracao aco galvanizado malha 15 x 15 mm - 12 x 50 cm,Aço e Acessórios,1892
01100100203OBR,Tela para amarracao aco galvanizado malha 15 x 15 mm - 12 x 50 cm,Aço e Acessórios,1892
01150300108OBR,Chamine tipo T em aluminio,Serralheria,7065
01180300203OBR,Pintura com textura projetada Linear,Mão de obra de Pintura e Outros Acabamentos,1467
01180300303OBR,Pintura com textura projetada Linear,Mão de obra de Pintura e Outros Acabamentos,1467
01180300403OBR,Pintura com textura projetada Linear,Mão de obra de Pintura e Outros Acabamentos,1467
01180300503OBR,Pintura com textura projetada Linear,Mão de obra de Pintura e Outros Acabamentos,1467
01060100106OBR,"Caibro pinus 3"" x 3"" 3,0 m",Madeira,2884
0102010409OBRP,Acabamento de registro Lift - Docol,"Louças, Metais e Acessórios",3762
01080100502OBR,Arrasamento de estacas DN 50 cm,Mão de Obra de Contenção e Fundação,1164
01180700202OBR,Plantio de mudas arvores,Serviços de Paisagismo,1474
01240100101OBR,Lixamento,Mão de obra de Pintura e Outros Acabamentos,1319
01240100102OBR,Pintura 1ª demao,Mão de obra de Pintura e Outros Acabamentos,1459
01240100103OBR,Pintura 2ª demao,Mão de obra de Pintura e Outros Acabamentos,1461
01100100903OBR,Tela para amarracao aco galvanizado malha 15 x 15 mm - 12 x 50 cm,Aço e Acessórios,1892
01100100403OBR,Tela para amarracao aco galvanizado malha 15 x 15 mm - 12 x 50 cm,Aço e Acessórios,1892
01100100503OBR,Tela para amarracao aco galvanizado malha 15 x 15 mm - 12 x 50 cm,Aço e Acessórios,1892
01100100703OBR,Tela para amarracao aco galvanizado malha 15 x 15 mm - 12 x 50 cm,Aço e Acessórios,1892
01100100803OBR,Tela para amarracao aco galvanizado malha 15 x 15 mm - 12 x 50 cm,Aço e Acessórios,1892
01100100303OBR,Tela para amarracao aco galvanizado malha 15 x 15 mm - 12 x 50 cm,Aço e Acessórios,1892
01170301101OBR,"Bobina de salva piso sem cola 1,3 x 100 m",Materiais de Escritório e Informática,7376
01050200221OBR,Arquivo metalico,Materiais de Escritório e Informática,7943
01160103203OBR,Tela de aco galvanizada eletrosoldada malha 25 x 25 mm,Aço e Acessórios,1890
01080100503OBR,Arrasamento de estacas DN 60 cm,Mão de Obra de Contenção e Fundação,1165
01050200220OBR,Cadeira para escritorio giratoria,Materiais de Escritório e Informática,7920
01250100201OBR,Pintura de piso linear,Mão de obra de Pintura e Outros Acabamentos,1471
01070101402OBR,Barra de aco CA50 10 mm barra 12 m,Aço e Acessórios,964
01140100103OBR,"Madeirite chapa compensada plastificada 1,10 x 2,20 m 14 mm",Madeira,2603
01150300111OBR,Kit prolongador para registro cromado liga de cobre 25 mm,"Louças, Metais e Acessórios",3787
01200200102OBR,Pintura 1ª demao Linear,Mão de obra de Pintura e Outros Acabamentos,1460
01200200103OBR,Pintura 2ª demao Linear,Mão de obra de Pintura e Outros Acabamentos,1462
01160103303OBR,Tela de aco galvanizada eletrosoldada malha 25 x 25 mm,Aço e Acessórios,1890
01160103403OBR,Tela de aco galvanizada eletrosoldada malha 25 x 25 mm,Aço e Acessórios,1890
01160103503OBR,Tela de aco galvanizada eletrosoldada malha 25 x 25 mm,Aço e Acessórios,1890
01160103603OBR,Tela de aco galvanizada eletrosoldada malha 25 x 25 mm,Aço e Acessórios,1890
01160103703OBR,Tela de aco galvanizada eletrosoldada malha 25 x 25 mm,Aço e Acessórios,1890
01160103803OBR,Tela de aco galvanizada eletrosoldada malha 25 x 25 mm,Aço e Acessórios,1890
01160103903OBR,Tela de aco galvanizada eletrosoldada malha 25 x 25 mm,Aço e Acessórios,1890
0102010403OBRP,Misturador monocomando lavatorio bica baixa lift 5L/min - Docol,"Louças, Metais e Acessórios",10841
01180300201OBR,Execucao de pintura com efeito Cimento Queimado (KCQ),Mão de obra de Pintura e Outros Acabamentos,1442
01180300301OBR,Execucao de pintura com efeito Cimento Queimado (KCQ),Mão de obra de Pintura e Outros Acabamentos,1442
01180300401OBR,Execucao de pintura com efeito Cimento Queimado (KCQ),Mão de obra de Pintura e Outros Acabamentos,1442
01180300501OBR,Execucao de pintura com efeito Cimento Queimado (KCQ),Mão de obra de Pintura e Outros Acabamentos,1442
01070100601OBR,Arrasamento de estacas DN 20 cm,Mão de Obra de Contenção e Fundação,10033
01070101403OBR,Barra de aco CA50 8 mm barra 12 m,Aço e Acessórios,970
01070100702OBR,Bomba lanca - comprimento 32 m,Concreto Usinado,10302
01120103001OBR,"Cabo flexivel PVC 750V preto 2,5 mm²",Elétrica - Fios e Cabos,4886
01060100601OBR,"Caibro pinus 3"" x 3"" 3,0 m",Madeira,2884
01240100201OBR,Lixamento,Mão de obra de Pintura e Outros Acabamentos,1319
01240100202OBR,Pintura 1ª demao,Mão de obra de Pintura e Outros Acabamentos,1459
01240100203OBR,Pintura 2ª demao,Mão de obra de Pintura e Outros Acabamentos,1461
01240100901OBR,Lixamento,Mão de obra de Pintura e Outros Acabamentos,1319
01240100902OBR,Pintura 1ª demao,Mão de obra de Pintura e Outros Acabamentos,1459
01240100903OBR,Pintura 2ª demao,Mão de obra de Pintura e Outros Acabamentos,1461
01060100703OBR,"Madeirite chapa compensada fenolica 1,10 x 2,20 m 12 mm",Madeira,2614
01080100702OBR,Barra de aco CA50 10 mm barra 12 m,Aço e Acessórios,964
01060100104OBR,"Caibro pinus 3"" x 3"" 3,0 m",Madeira,2884
01120103005OBR,"Cabo flexivel PVC 750V azul 2,5 mm²",Elétrica - Fios e Cabos,4848
01110201301OBR,"Bobina de salva piso sem cola 1,3 x 100 m",Materiais de Escritório e Informática,7376
01210100201OBR,"Torneira lavatorio comando mesa arejador simples - cromado 1/2""","Louças, Metais e Acessórios",3735
01060100112OBR,"Caibro pinus 3"" x 3"" 3,0 m",Madeira,2884
01060100113OBR,"Caibro pinus 3"" x 3"" 3,0 m",Madeira,2884
01110202101OBR,"Bobina de salva piso sem cola 1,3 x 100 m",Materiais de Escritório e Informática,7376
01170301201OBR,"Bobina de salva piso sem cola 1,3 x 100 m",Materiais de Escritório e Informática,7376
01240100401OBR,Lixamento,Mão de obra de Pintura e Outros Acabamentos,1319
01240100402OBR,Pintura 1ª demao,Mão de obra de Pintura e Outros Acabamentos,1459
01240100403OBR,Pintura 2ª demao,Mão de obra de Pintura e Outros Acabamentos,1461
01240100501OBR,Lixamento,Mão de obra de Pintura e Outros Acabamentos,1319
01240100502OBR,Pintura 1ª demao,Mão de obra de Pintura e Outros Acabamentos,1459
01240100503OBR,Pintura 2ª demao,Mão de obra de Pintura e Outros Acabamentos,1461
01240100601OBR,Lixamento,Mão de obra de Pintura e Outros Acabamentos,1319
01240100602OBR,Pintura 1ª demao,Mão de obra de Pintura e Outros Acabamentos,1459
01240100603OBR,Pintura 2ª demao,Mão de obra de Pintura e Outros Acabamentos,1461
01240100701OBR,Lixamento,Mão de obra de Pintura e Outros Acabamentos,1319
01240100702OBR,Pintura 1ª demao,Mão de obra de Pintura e Outros Acabamentos,1459
01240100703OBR,Pintura 2ª demao,Mão de obra de Pintura e Outros Acabamentos,1461
01240100801OBR,Lixamento,Mão de obra de Pintura e Outros Acabamentos,1319
01240100802OBR,Pintura 1ª demao,Mão de obra de Pintura e Outros Acabamentos,1459
01240100803OBR,Pintura 2ª demao,Mão de obra de Pintura e Outros Acabamentos,1461
01240100301OBR,Lixamento,Mão de obra de Pintura e Outros Acabamentos,1319
01240100302OBR,Pintura 1ª demao,Mão de obra de Pintura e Outros Acabamentos,1459
01240100303OBR,Pintura 2ª demao,Mão de obra de Pintura e Outros Acabamentos,1461
01240102001OBR,Emassamento 2ª demao,Mão de obra de Pintura e Outros Acabamentos,1303
01160104003OBR,Tela de aco galvanizada eletrosoldada malha 25 x 25 mm,Aço e Acessórios,1890
01050200203OBR,Barra de aco CA50 8 mm barra 12 m,Aço e Acessórios,970
01100100301OBR,"Tela para amarracao aco galvanizado malha 15 x 15 mm - 7,5 x 50 cm",Aço e Acessórios,1895
01040200405OBR,DVR de video MHDX 1208 C/HD 1TB,Materiais de Escritório e Informática,8106
01240102003OBR,Pintura 1ª demao,Mão de obra de Pintura e Outros Acabamentos,1459
01240102004OBR,Pintura 2ª demao,Mão de obra de Pintura e Outros Acabamentos,1461
01090200106OBR,Bomba lanca - adicional metro cubico,Concreto Usinado,10301
01160103102OBR,Tela de aco galvanizada eletrosoldada malha 25 x 25 mm,Aço e Acessórios,1890
0103010304OBRP,Pintura 1ª demao,Mão de obra de Pintura e Outros Acabamentos,1459
01240101101OBR,Emassamento 2ª demao,Mão de obra de Pintura e Outros Acabamentos,1303
0103010308OBRP,Pintura 2ª demao,Mão de obra de Pintura e Outros Acabamentos,1461
01200200802OBR,Pintura 1ª demao Linear,Mão de obra de Pintura e Outros Acabamentos,1460
01200200803OBR,Pintura 2ª demao Linear,Mão de obra de Pintura e Outros Acabamentos,1462
0102010411OBRP,Misturador monocomando lavatorio bica baixa lift 5L/min - Docol,"Louças, Metais e Acessórios",10841
01010100102OBR,Cartucho compativel HP CARTRIDGE 667 preto,Materiais de Escritório e Informática,8052
01240101102OBR,Pintura 1ª demao,Mão de obra de Pintura e Outros Acabamentos,1459
01240101103OBR,Pintura 2ª demao,Mão de obra de Pintura e Outros Acabamentos,1461
01060100701OBR,"Madeirite chapa compensada fenolica 1,10 x 2,20 m 12 mm",Madeira,2614
01120103006OBR,"Cabo flexivel PVC 750V preto 4,0 mm²",Elétrica - Fios e Cabos,4889
0102010412OBRP,Chuveiro Eden leed 150 6L/min - Docol,"Louças, Metais e Acessórios",3766
01200200302OBR,Pintura 1ª demao Linear,Mão de obra de Pintura e Outros Acabamentos,1460
01200200303OBR,Pintura 2ª demao Linear,Mão de obra de Pintura e Outros Acabamentos,1462
01200200402OBR,Pintura 1ª demao Linear,Mão de obra de Pintura e Outros Acabamentos,1460
01200200403OBR,Pintura 2ª demao Linear,Mão de obra de Pintura e Outros Acabamentos,1462
01200200602OBR,Pintura 1ª demao Linear,Mão de obra de Pintura e Outros Acabamentos,1460
01200200603OBR,Pintura 2ª demao Linear,Mão de obra de Pintura e Outros Acabamentos,1462
01200200702OBR,Pintura 1ª demao Linear,Mão de obra de Pintura e Outros Acabamentos,1460
01200200703OBR,Pintura 2ª demao Linear,Mão de obra de Pintura e Outros Acabamentos,1462
01200200502OBR,Pintura 1ª demao Linear,Mão de obra de Pintura e Outros Acabamentos,1460
01200200503OBR,Pintura 2ª demao Linear,Mão de obra de Pintura e Outros Acabamentos,1462
01200200202OBR,Pintura 1ª demao Linear,Mão de obra de Pintura e Outros Acabamentos,1460
01200200203OBR,Pintura 2ª demao Linear,Mão de obra de Pintura e Outros Acabamentos,1462
01180700204OBR,Plantio de mudas arvores,Serviços de Paisagismo,1474
01120103007OBR,"Cabo flexivel PVC 750V azul 4,0 mm²",Elétrica - Fios e Cabos,4851
01130213102OBR,Pintura de tubulacao incendio,Mão de obra de Pintura e Outros Acabamentos,1472
01200100101OBR,Gesso lento saco 40 kg,Gesso,641
01120102208OBR,"Cabo flexivel PVC 750V preto 4,0 mm²",Elétrica - Fios e Cabos,4889
01120102308OBR,"Cabo flexivel PVC 750V preto 4,0 mm²",Elétrica - Fios e Cabos,4889
01120102408OBR,"Cabo flexivel PVC 750V preto 4,0 mm²",Elétrica - Fios e Cabos,4889
01120102508OBR,"Cabo flexivel PVC 750V preto 4,0 mm²",Elétrica - Fios e Cabos,4889
01120102608OBR,"Cabo flexivel PVC 750V preto 4,0 mm²",Elétrica - Fios e Cabos,4889
01120102708OBR,"Cabo flexivel PVC 750V preto 4,0 mm²",Elétrica - Fios e Cabos,4889
01120102808OBR,"Cabo flexivel PVC 750V preto 4,0 mm²",Elétrica - Fios e Cabos,4889
0102010417OBRP,"Torneira para banheiro monocomando bica baixa - 1/2"" - cromado","Louças, Metais e Acessórios",12178
01140100101OBR,Viga I para elevador,Serralheria,6861
01100100401OBR,"Tela para amarracao aco galvanizado malha 15 x 15 mm - 7,5 x 50 cm",Aço e Acessórios,1895
01100100501OBR,"Tela para amarracao aco galvanizado malha 15 x 15 mm - 7,5 x 50 cm",Aço e Acessórios,1895
01100100601OBR,"Tela para amarracao aco galvanizado malha 15 x 15 mm - 7,5 x 50 cm",Aço e Acessórios,1895
01100100701OBR,"Tela para amarracao aco galvanizado malha 15 x 15 mm - 7,5 x 50 cm",Aço e Acessórios,1895
01100100801OBR,"Tela para amarracao aco galvanizado malha 15 x 15 mm - 7,5 x 50 cm",Aço e Acessórios,1895
01100100901OBR,"Tela para amarracao aco galvanizado malha 15 x 15 mm - 7,5 x 50 cm",Aço e Acessórios,1895
01120102108OBR,"Cabo flexivel PVC 750V preto 4,0 mm²",Elétrica - Fios e Cabos,4889
01060100702OBR,"Caibro pinus 3"" x 3"" 3,0 m",Madeira,2884
01080100604OBR,Concreto usinado Adicional metro cubico faltante,Concreto Usinado,598
01060100119OBR,Haste de tela fachadeira viga com suporte metalico locacao mensal,Locação de Equipamentos Leves,10283
01100101003OBR,Tela para amarracao aco galvanizado malha 15 x 15 mm - 12 x 50 cm,Aço e Acessórios,1892
01100100201OBR,"Tela para amarracao aco galvanizado malha 15 x 15 mm - 7,5 x 50 cm",Aço e Acessórios,1895
01070200301OBR,Execucao de drenagem em manta geocomposta para muro de arrimo,Mão de Obra de Contenção e Fundação,1138
01120103008OBR,"Cabo flexivel PVC 750V verde 4,0 mm²",Elétrica - Fios e Cabos,4904
01050200202OBR,Papel higienico 60 m pacote 16 rolos,Materiais de Higiene e Limpeza,8005
01130100214OBR,"Registro de gaveta volante bruto 25 mm 3/4""","Louças, Metais e Acessórios",4445
0102010202OBRP,Nicho de embutir cinza 30 x 60 x 10 cm,"Louças, Metais e Acessórios",3915
01120102210OBR,"Cabo flexivel PVC 750V verde 4,0 mm²",Elétrica - Fios e Cabos,4904
01120102310OBR,"Cabo flexivel PVC 750V verde 4,0 mm²",Elétrica - Fios e Cabos,4904
01120102410OBR,"Cabo flexivel PVC 750V verde 4,0 mm²",Elétrica - Fios e Cabos,4904
01120102510OBR,"Cabo flexivel PVC 750V verde 4,0 mm²",Elétrica - Fios e Cabos,4904
01120102610OBR,"Cabo flexivel PVC 750V verde 4,0 mm²",Elétrica - Fios e Cabos,4904
01120102710OBR,"Cabo flexivel PVC 750V verde 4,0 mm²",Elétrica - Fios e Cabos,4904
01120102810OBR,"Cabo flexivel PVC 750V verde 4,0 mm²",Elétrica - Fios e Cabos,4904
01120102901OBR,"Cabo flexivel PVC 750V preto 2,5 mm²",Elétrica - Fios e Cabos,4886
01080200301OBR,Aco CA60 5 mm,Aço e Acessórios,972
01130100310OBR,"Registro de gaveta volante bruto 25 mm 3/4""","Louças, Metais e Acessórios",4445
01130100410OBR,"Registro de gaveta volante bruto 25 mm 3/4""","Louças, Metais e Acessórios",4445
01130100510OBR,"Registro de gaveta volante bruto 25 mm 3/4""","Louças, Metais e Acessórios",4445
01130100610OBR,"Registro de gaveta volante bruto 25 mm 3/4""","Louças, Metais e Acessórios",4445
01130100712OBR,"Registro de gaveta volante bruto 25 mm 3/4""","Louças, Metais e Acessórios",4445
01130100811OBR,"Registro de gaveta volante bruto 25 mm 3/4""","Louças, Metais e Acessórios",4445
01130100912OBR,"Registro de gaveta volante bruto 25 mm 3/4""","Louças, Metais e Acessórios",4445
01150300105OBR,Barra de aco CA50 8 mm barra 12 m,Aço e Acessórios,970
01080200302OBR,"Aco CA50 6,3 mm",Aço e Acessórios,962
01120102209OBR,"Cabo flexivel PVC 750V azul 4,0 mm²",Elétrica - Fios e Cabos,4851
01120102309OBR,"Cabo flexivel PVC 750V azul 4,0 mm²",Elétrica - Fios e Cabos,4851
01120102409OBR,"Cabo flexivel PVC 750V azul 4,0 mm²",Elétrica - Fios e Cabos,4851
01120102509OBR,"Cabo flexivel PVC 750V azul 4,0 mm²",Elétrica - Fios e Cabos,4851
01120102609OBR,"Cabo flexivel PVC 750V azul 4,0 mm²",Elétrica - Fios e Cabos,4851
01120102709OBR,"Cabo flexivel PVC 750V azul 4,0 mm²",Elétrica - Fios e Cabos,4851
01120102809OBR,"Cabo flexivel PVC 750V azul 4,0 mm²",Elétrica - Fios e Cabos,4851
01070300103OBR,Montagem de gabarito para locacao de estacas,Mão de Obra de Contenção e Fundação,1126
01050200214OBR,"Madeirite chapa compensada plastificada 1,10 x 2,20 m 14 mm",Madeira,2603
01120102110OBR,"Cabo flexivel PVC 750V verde 4,0 mm²",Elétrica - Fios e Cabos,4904
01100100101OBR,"Tela para amarracao aco galvanizado malha 15 x 15 mm - 7,5 x 50 cm",Aço e Acessórios,1895
01120103004OBR,"Cabo flexivel PVC 750V verde 2,5 mm²",Elétrica - Fios e Cabos,4901
01120105401OBR,"Cabo de cobre nu 35,0 mm²",Elétrica - Fios e Cabos,5097
01120102904OBR,"Cabo flexivel PVC 750V azul 2,5 mm²",Elétrica - Fios e Cabos,4848
01130101111OBR,"Valvula esfera passagem plena alavanca femea-femea 1.1/2""","Louças, Metais e Acessórios",3591
01210100301OBR,Tanque de PVC com materiais para fixacao 21 L,"Louças, Metais e Acessórios",3693
01080100501OBR,Arrasamento de estacas DN 40 cm,Mão de Obra de Contenção e Fundação,1163
01110202201OBR,"Bobina de salva piso sem cola 1,3 x 100 m",Materiais de Escritório e Informática,7376
0102010317OBRP,"Cabo flexivel PVC 750V branco 2,5 mm²",Elétrica - Fios e Cabos,4865
01100100202OBR,Tela para amarracao aco galvanizado malha 15 x 15 mm - 12 x 50 cm,Aço e Acessórios,1892
01120102109OBR,"Cabo flexivel PVC 750V azul 4,0 mm²",Elétrica - Fios e Cabos,4851
01130106601OBR,"Cabo de alarme de incendio blindado 2 vias 1,50 mm²",Elétrica - Fios e Cabos,6321
01050200222OBR,Marmiteiro eletrico tipo banho maria 110V para 12 marmitas,Ferramentas,9064
01100101102OBR,Tela para amarracao aco galvanizado malha 15 x 15 mm - 12 x 50 cm,Aço e Acessórios,1892
01250200101OBR,Plantio de grama,Serviços de Paisagismo,1473
01060100107OBR,"Madeirite chapa compensada fenolica 1,10 x 2,20 m 14 mm",Madeira,2612
01120102106OBR,"Cabo flexivel PVC 750V amarelo 1,5 mm²",Elétrica - Fios e Cabos,4836
01070101302OBR,Bomba lanca - comprimento 32 m,Concreto Usinado,10302
01120105504OBR,"Cabo de cobre nu 70,0 mm²",Elétrica - Fios e Cabos,5101
01050200234OBR,Cartucho compativel HP CARTRIDGE 667 preto,Materiais de Escritório e Informática,8052
01060100108OBR,Aco CA50 10 mm,Aço e Acessórios,957
01120102206OBR,"Cabo flexivel PVC 750V amarelo 1,5 mm²",Elétrica - Fios e Cabos,4836
01120102306OBR,"Cabo flexivel PVC 750V amarelo 1,5 mm²",Elétrica - Fios e Cabos,4836
01120102406OBR,"Cabo flexivel PVC 750V amarelo 1,5 mm²",Elétrica - Fios e Cabos,4836
01120102506OBR,"Cabo flexivel PVC 750V amarelo 1,5 mm²",Elétrica - Fios e Cabos,4836
01120102606OBR,"Cabo flexivel PVC 750V amarelo 1,5 mm²",Elétrica - Fios e Cabos,4836
01120102706OBR,"Cabo flexivel PVC 750V amarelo 1,5 mm²",Elétrica - Fios e Cabos,4836
01120102806OBR,"Cabo flexivel PVC 750V amarelo 1,5 mm²",Elétrica - Fios e Cabos,4836
01100100302OBR,Tela para amarracao aco galvanizado malha 15 x 15 mm - 12 x 50 cm,Aço e Acessórios,1892
01100100602OBR,Tela para amarracao aco galvanizado malha 15 x 15 mm - 12 x 50 cm,Aço e Acessórios,1892
01050200211OBR,"Lavatorio coletivo tipo calha 1,80 m","Louças, Metais e Acessórios",3700
01050200212OBR,"Mictorio Coletivo tipo calha 1,80 m","Louças, Metais e Acessórios",3782
01100100902OBR,Tela para amarracao aco galvanizado malha 15 x 15 mm - 12 x 50 cm,Aço e Acessórios,1892
01180300206OBR,Pintura de piso area,Mão de obra de Pintura e Outros Acabamentos,1470
01100100402OBR,Tela para amarracao aco galvanizado malha 15 x 15 mm - 12 x 50 cm,Aço e Acessórios,1892
01100100502OBR,Tela para amarracao aco galvanizado malha 15 x 15 mm - 12 x 50 cm,Aço e Acessórios,1892
01100100702OBR,Tela para amarracao aco galvanizado malha 15 x 15 mm - 12 x 50 cm,Aço e Acessórios,1892
01100100802OBR,Tela para amarracao aco galvanizado malha 15 x 15 mm - 12 x 50 cm,Aço e Acessórios,1892
01060100103OBR,"Escada metalica com guarda-corpo para seguranca do trabalho h=3,2m",Serralheria,7082
01180300110OBR,Pintura de piso area,Mão de obra de Pintura e Outros Acabamentos,1470
01130213302OBR,Pintura de tubulacao incendio,Mão de obra de Pintura e Outros Acabamentos,1472
01130213402OBR,Pintura de tubulacao incendio,Mão de obra de Pintura e Outros Acabamentos,1472
01130213502OBR,Pintura de tubulacao incendio,Mão de obra de Pintura e Outros Acabamentos,1472
01130213602OBR,Pintura de tubulacao incendio,Mão de obra de Pintura e Outros Acabamentos,1472
01130213702OBR,Pintura de tubulacao incendio,Mão de obra de Pintura e Outros Acabamentos,1472
01130213802OBR,Pintura de tubulacao incendio,Mão de obra de Pintura e Outros Acabamentos,1472
01130213902OBR,Pintura de tubulacao incendio,Mão de obra de Pintura e Outros Acabamentos,1472
01070100704OBR,Concreto usinado Adicional metro cubico faltante,Concreto Usinado,598
01130213202OBR,Pintura de tubulacao incendio,Mão de obra de Pintura e Outros Acabamentos,1472
0102010318OBRP,Pintura 1ª demao Linear,Mão de obra de Pintura e Outros Acabamentos,1460
01110201401OBR,"Bobina de salva piso sem cola 1,3 x 100 m",Materiais de Escritório e Informática,7376
01050400104OBR,Caminhao munck ate 12 ton locacao horaria,Locação de Equipamentos Pesados,10260
01100101002OBR,Tela para amarracao aco galvanizado malha 15 x 15 mm - 12 x 50 cm,Aço e Acessórios,1892
01120102101OBR,"Cabo flexivel PVC 750V preto 2,5 mm²",Elétrica - Fios e Cabos,4886
0102010319OBRP,Pintura 2ª demao Linear,Mão de obra de Pintura e Outros Acabamentos,1462
01180700207OBR,Plantio de mudas arvores,Serviços de Paisagismo,1474
01120102112OBR,"Cabo flexivel PVC 750V verde 6,0 mm²",Elétrica - Fios e Cabos,4906
01240101001OBR,Lixamento,Mão de obra de Pintura e Outros Acabamentos,1319
01240101002OBR,Pintura 1ª demao,Mão de obra de Pintura e Outros Acabamentos,1459
01240101003OBR,Pintura 2ª demao,Mão de obra de Pintura e Outros Acabamentos,1461
01120102111OBR,"Cabo flexivel PVC 750V preto 6,0 mm²",Elétrica - Fios e Cabos,4892
01100101001OBR,"Tela para amarracao aco galvanizado malha 15 x 15 mm - 7,5 x 50 cm",Aço e Acessórios,1895
01110201501OBR,"Bobina de salva piso sem cola 1,3 x 100 m",Materiais de Escritório e Informática,7376
01110201601OBR,"Bobina de salva piso sem cola 1,3 x 100 m",Materiais de Escritório e Informática,7376
01110201701OBR,"Bobina de salva piso sem cola 1,3 x 100 m",Materiais de Escritório e Informática,7376
01110201801OBR,"Bobina de salva piso sem cola 1,3 x 100 m",Materiais de Escritório e Informática,7376
01110201901OBR,"Bobina de salva piso sem cola 1,3 x 100 m",Materiais de Escritório e Informática,7376
0102010309OBRP,"Cabo flexivel PVC 750V branco 2,5 mm²",Elétrica - Fios e Cabos,4865
01110202001OBR,"Bobina de salva piso sem cola 1,3 x 100 m",Materiais de Escritório e Informática,7376
01010100101OBR,Impressora multifuncional bivolt,Materiais de Escritório e Informática,9832
01210100401OBR,Bacia sanitaria sem caixa acoplada - PNE,"Louças, Metais e Acessórios",3664
01120102211OBR,"Cabo flexivel PVC 750V preto 6,0 mm²",Elétrica - Fios e Cabos,4892
01120102311OBR,"Cabo flexivel PVC 750V preto 6,0 mm²",Elétrica - Fios e Cabos,4892
01120102411OBR,"Cabo flexivel PVC 750V preto 6,0 mm²",Elétrica - Fios e Cabos,4892
01120102511OBR,"Cabo flexivel PVC 750V preto 6,0 mm²",Elétrica - Fios e Cabos,4892
01120102611OBR,"Cabo flexivel PVC 750V preto 6,0 mm²",Elétrica - Fios e Cabos,4892
01120102711OBR,"Cabo flexivel PVC 750V preto 6,0 mm²",Elétrica - Fios e Cabos,4892
01120102811OBR,"Cabo flexivel PVC 750V preto 6,0 mm²",Elétrica - Fios e Cabos,4892
01120102114OBR,"Cabo flexivel PVC 750V vermelho 6,0 mm²",Elétrica - Fios e Cabos,4926
01130101205OBR,"Registro de gaveta base 25 mm 3/4""","Louças, Metais e Acessórios",4433
01130101305OBR,"Registro de gaveta base 25 mm 3/4""","Louças, Metais e Acessórios",4433
01130101405OBR,"Registro de gaveta base 25 mm 3/4""","Louças, Metais e Acessórios",4433
01130101505OBR,"Registro de gaveta base 25 mm 3/4""","Louças, Metais e Acessórios",4433
01130101605OBR,"Registro de gaveta base 25 mm 3/4""","Louças, Metais e Acessórios",4433
01130101705OBR,"Registro de gaveta base 25 mm 3/4""","Louças, Metais e Acessórios",4433
01130101805OBR,"Registro de gaveta base 25 mm 3/4""","Louças, Metais e Acessórios",4433
01130101905OBR,"Registro de gaveta base 25 mm 3/4""","Louças, Metais e Acessórios",4433
01120102107OBR,"Cabo flexivel PVC 750V azul 2,5 mm²",Elétrica - Fios e Cabos,4848
01120103009OBR,"Cabo flexivel PVC 750V amarelo 2,5 mm²",Elétrica - Fios e Cabos,4838
01180700101OBR,"Tela para amarracao aco galvanizado malha 15 x 15 mm - 7,5 x 50 cm",Aço e Acessórios,1895
01120102212OBR,"Cabo flexivel PVC 750V verde 6,0 mm²",Elétrica - Fios e Cabos,4906
01120102312OBR,"Cabo flexivel PVC 750V verde 6,0 mm²",Elétrica - Fios e Cabos,4906
01120102412OBR,"Cabo flexivel PVC 750V verde 6,0 mm²",Elétrica - Fios e Cabos,4906
01120102512OBR,"Cabo flexivel PVC 750V verde 6,0 mm²",Elétrica - Fios e Cabos,4906
01120102612OBR,"Cabo flexivel PVC 750V verde 6,0 mm²",Elétrica - Fios e Cabos,4906
01120102712OBR,"Cabo flexivel PVC 750V verde 6,0 mm²",Elétrica - Fios e Cabos,4906
01120102812OBR,"Cabo flexivel PVC 750V verde 6,0 mm²",Elétrica - Fios e Cabos,4906
0102010307OBRP,"Cabo flexivel PVC 750V branco 2,5 mm²",Elétrica - Fios e Cabos,4865
01120102214OBR,"Cabo flexivel PVC 750V vermelho 6,0 mm²",Elétrica - Fios e Cabos,4926
01120102314OBR,"Cabo flexivel PVC 750V vermelho 6,0 mm²",Elétrica - Fios e Cabos,4926
01120102414OBR,"Cabo flexivel PVC 750V vermelho 6,0 mm²",Elétrica - Fios e Cabos,4926
01120102514OBR,"Cabo flexivel PVC 750V vermelho 6,0 mm²",Elétrica - Fios e Cabos,4926
01120102614OBR,"Cabo flexivel PVC 750V vermelho 6,0 mm²",Elétrica - Fios e Cabos,4926
01120102714OBR,"Cabo flexivel PVC 750V vermelho 6,0 mm²",Elétrica - Fios e Cabos,4926
01120102814OBR,"Cabo flexivel PVC 750V vermelho 6,0 mm²",Elétrica - Fios e Cabos,4926
01120102113OBR,"Cabo flexivel PVC 750V vermelho 4,0 mm²",Elétrica - Fios e Cabos,4924
01120103021OBR,"Cabo flexivel PVC 750V branco 16,0 mm²",Elétrica - Fios e Cabos,4863
01100100103OBR,Tela para amarracao aco galvanizado malha 15 x 15 mm - 12 x 50 cm,Aço e Acessórios,1892
01120103019OBR,"Cabo flexivel PVC 750V vermelho 16,0 mm²",Elétrica - Fios e Cabos,4920
01120102103OBR,"Cabo flexivel PVC 750V verde 2,5 mm²",Elétrica - Fios e Cabos,4901
01120102903OBR,"Cabo flexivel PVC 750V verde 2,5 mm²",Elétrica - Fios e Cabos,4901
01120102104OBR,"Cabo flexivel PVC 750V preto 1,5 mm²",Elétrica - Fios e Cabos,4878
01120102105OBR,"Cabo flexivel PVC 750V azul 1,5 mm²",Elétrica - Fios e Cabos,4842
01120103016OBR,"Cabo flexivel PVC 750V azul 16,0 mm²",Elétrica - Fios e Cabos,4846
01120103017OBR,"Cabo flexivel PVC 750V preto 16,0 mm²",Elétrica - Fios e Cabos,4883
01120103018OBR,"Cabo flexivel PVC 750V verde 16,0 mm²",Elétrica - Fios e Cabos,4899
01130102124OBR,"Registro de gaveta volante bruto 95 mm 3.1/2""","Louças, Metais e Acessórios",4452
01080100605OBR,Bomba lanca - adicional metro cubico,Concreto Usinado,10301
01050300101OBR,Kit radio walk talk comunicador 4 unidades,Materiais de Escritório e Informática,8067
01020400103OBR,Tora de eucalipto 20 cm x 5 m,Madeira,9820
01060100109OBR,"Caibro pinus 3"" x 3"" 3,0 m",Madeira,2884
01060100110OBR,"Caibro pinus 3"" x 3"" 3,0 m",Madeira,2884
01120102201OBR,"Cabo flexivel PVC 750V preto 2,5 mm²",Elétrica - Fios e Cabos,4886
01120102301OBR,"Cabo flexivel PVC 750V preto 2,5 mm²",Elétrica - Fios e Cabos,4886
01120102401OBR,"Cabo flexivel PVC 750V preto 2,5 mm²",Elétrica - Fios e Cabos,4886
01120102501OBR,"Cabo flexivel PVC 750V preto 2,5 mm²",Elétrica - Fios e Cabos,4886
01120102601OBR,"Cabo flexivel PVC 750V preto 2,5 mm²",Elétrica - Fios e Cabos,4886
01120102701OBR,"Cabo flexivel PVC 750V preto 2,5 mm²",Elétrica - Fios e Cabos,4886
01120102801OBR,"Cabo flexivel PVC 750V preto 2,5 mm²",Elétrica - Fios e Cabos,4886
01100100102OBR,Tela para amarracao aco galvanizado malha 15 x 15 mm - 12 x 50 cm,Aço e Acessórios,1892
01120102213OBR,"Cabo flexivel PVC 750V vermelho 4,0 mm²",Elétrica - Fios e Cabos,4924
01120102313OBR,"Cabo flexivel PVC 750V vermelho 4,0 mm²",Elétrica - Fios e Cabos,4924
01120102413OBR,"Cabo flexivel PVC 750V vermelho 4,0 mm²",Elétrica - Fios e Cabos,4924
01120102513OBR,"Cabo flexivel PVC 750V vermelho 4,0 mm²",Elétrica - Fios e Cabos,4924
01120102613OBR,"Cabo flexivel PVC 750V vermelho 4,0 mm²",Elétrica - Fios e Cabos,4924
01120102713OBR,"Cabo flexivel PVC 750V vermelho 4,0 mm²",Elétrica - Fios e Cabos,4924
01120102813OBR,"Cabo flexivel PVC 750V vermelho 4,0 mm²",Elétrica - Fios e Cabos,4924
01070200101OBR,Execucao muro de arrimo de flexao - blocos de concreto - contraforte,Mão de Obra de Contenção e Fundação,1142
01120102204OBR,"Cabo flexivel PVC 750V preto 1,5 mm²",Elétrica - Fios e Cabos,4878
01120102304OBR,"Cabo flexivel PVC 750V preto 1,5 mm²",Elétrica - Fios e Cabos,4878
01120102404OBR,"Cabo flexivel PVC 750V preto 1,5 mm²",Elétrica - Fios e Cabos,4878
01120102504OBR,"Cabo flexivel PVC 750V preto 1,5 mm²",Elétrica - Fios e Cabos,4878
01120102604OBR,"Cabo flexivel PVC 750V preto 1,5 mm²",Elétrica - Fios e Cabos,4878
01120102704OBR,"Cabo flexivel PVC 750V preto 1,5 mm²",Elétrica - Fios e Cabos,4878
01120102804OBR,"Cabo flexivel PVC 750V preto 1,5 mm²",Elétrica - Fios e Cabos,4878
0102010120OBRP,"Bobina de salva piso sem cola 1,3 x 100 m",Materiais de Escritório e Informática,7376
01120102207OBR,"Cabo flexivel PVC 750V azul 2,5 mm²",Elétrica - Fios e Cabos,4848
01120102307OBR,"Cabo flexivel PVC 750V azul 2,5 mm²",Elétrica - Fios e Cabos,4848
01120102407OBR,"Cabo flexivel PVC 750V azul 2,5 mm²",Elétrica - Fios e Cabos,4848
01120102507OBR,"Cabo flexivel PVC 750V azul 2,5 mm²",Elétrica - Fios e Cabos,4848
01120102607OBR,"Cabo flexivel PVC 750V azul 2,5 mm²",Elétrica - Fios e Cabos,4848
01120102707OBR,"Cabo flexivel PVC 750V azul 2,5 mm²",Elétrica - Fios e Cabos,4848
01120102807OBR,"Cabo flexivel PVC 750V azul 2,5 mm²",Elétrica - Fios e Cabos,4848
01110201003OBR,"Tela galvanizada hexagonal malha 1"" pinteiro",Aço e Acessórios,793
01120102203OBR,"Cabo flexivel PVC 750V verde 2,5 mm²",Elétrica - Fios e Cabos,4901
01120102303OBR,"Cabo flexivel PVC 750V verde 2,5 mm²",Elétrica - Fios e Cabos,4901
01120102403OBR,"Cabo flexivel PVC 750V verde 2,5 mm²",Elétrica - Fios e Cabos,4901
01120102503OBR,"Cabo flexivel PVC 750V verde 2,5 mm²",Elétrica - Fios e Cabos,4901
01120102603OBR,"Cabo flexivel PVC 750V verde 2,5 mm²",Elétrica - Fios e Cabos,4901
01120102703OBR,"Cabo flexivel PVC 750V verde 2,5 mm²",Elétrica - Fios e Cabos,4901
01120102803OBR,"Cabo flexivel PVC 750V verde 2,5 mm²",Elétrica - Fios e Cabos,4901
01200200902OBR,Pintura 1ª demao Linear,Mão de obra de Pintura e Outros Acabamentos,1460
01200200903OBR,Pintura 2ª demao Linear,Mão de obra de Pintura e Outros Acabamentos,1462
01130101130OBR,"Valvula de retencao vertical 1.1/4""","Louças, Metais e Acessórios",3646
01050200225OBR,Tanque de PVC com materiais para fixacao 21 L,"Louças, Metais e Acessórios",3693
01050200223OBR,Ventilador de mesa 40 cm 3 velocidades 110V,Materiais de Escritório e Informática,9858
01120103020OBR,"Cabo flexivel PVC 750V amarelo 4,0 mm²",Elétrica - Fios e Cabos,4840
0102010306OBRP,"Cabo flexivel PVC 750V branco 2,5 mm²",Elétrica - Fios e Cabos,4865
01210100403OBR,Torneira de alavanca metal cromado com bica movel PNE,"Louças, Metais e Acessórios",3752
01120102205OBR,"Cabo flexivel PVC 750V azul 1,5 mm²",Elétrica - Fios e Cabos,4842
01120102305OBR,"Cabo flexivel PVC 750V azul 1,5 mm²",Elétrica - Fios e Cabos,4842
01120102405OBR,"Cabo flexivel PVC 750V azul 1,5 mm²",Elétrica - Fios e Cabos,4842
01120102505OBR,"Cabo flexivel PVC 750V azul 1,5 mm²",Elétrica - Fios e Cabos,4842
01120102605OBR,"Cabo flexivel PVC 750V azul 1,5 mm²",Elétrica - Fios e Cabos,4842
01120102705OBR,"Cabo flexivel PVC 750V azul 1,5 mm²",Elétrica - Fios e Cabos,4842
01120102805OBR,"Cabo flexivel PVC 750V azul 1,5 mm²",Elétrica - Fios e Cabos,4842
01120103015OBR,"Cabo flexivel PVC 750V preto 6,0 mm²",Elétrica - Fios e Cabos,4892
01130214002OBR,Pintura de tubulacao incendio,Mão de obra de Pintura e Outros Acabamentos,1472
0102010122OBRP,"Bobina de salva piso sem cola 1,3 x 100 m",Materiais de Escritório e Informática,7376
01070100705OBR,Bomba lanca - adicional metro cubico,Concreto Usinado,10301
01120102910OBR,"Cabo flexivel PVC 750V amarelo 2,5 mm²",Elétrica - Fios e Cabos,4838
0102010413OBRP,Chuveiro Bonnaducha 7L/min - Docol,"Louças, Metais e Acessórios",3767
01130103202OBR,Lixa ferro grao 100,Ferramentas,8748
01130101128OBR,"Valvula esfera passagem plena alavanca femea-femea 1.1/4""","Louças, Metais e Acessórios",3592
01210100402OBR,Barra de apoio Para banheiro em aco inox Lateral 30 cm,"Louças, Metais e Acessórios",3804
01120102905OBR,"Cabo flexivel PVC 750V preto 4,0 mm²",Elétrica - Fios e Cabos,4889
01130101008OBR,"Registro de gaveta volante bruto 25 mm 3/4""","Louças, Metais e Acessórios",4445
01200100102OBR,Gesso lento saco 40 kg,Gesso,641
01160201801OBR,Bloco de espuma,Materiais de Higiene e Limpeza,8036
01130100120OBR,"Torneira jardim metalica cromada curta 1/2""","Louças, Metais e Acessórios",3749
01050200208OBR,"Cabo flexivel HEPR 0,6/1kV verde 1 x 10,0 mm²",Elétrica - Fios e Cabos,4748
01130100105OBR,"Valvula esfera passagem plena alavanca femea-femea 1.1/2""","Louças, Metais e Acessórios",3591
01120102907OBR,"Cabo flexivel PVC 750V verde 4,0 mm²",Elétrica - Fios e Cabos,4904
01120102906OBR,"Cabo flexivel PVC 750V azul 4,0 mm²",Elétrica - Fios e Cabos,4851
01180200101OBR,"Tela para amarracao aco galvanizado malha 15 x 15 mm - 7,5 x 50 cm",Aço e Acessórios,1895
01110201201OBR,"Bobina de salva piso sem cola 1,3 x 100 m",Materiais de Escritório e Informática,7376
01120103012OBR,"Cabo flexivel PVC 750V preto 1,5 mm²",Elétrica - Fios e Cabos,4878
01250100203OBR,"Tela soldada Nervurada aco EQ061 2,0 X 3,0 m 5,82 kg",Aço e Acessórios,1897
01060100501OBR,Aco CA50 8 mm,Aço e Acessórios,963
01120103013OBR,"Cabo flexivel PVC 750V azul 1,5 mm²",Elétrica - Fios e Cabos,4842
0102010115OBRP,"Bobina de salva piso sem cola 1,3 x 100 m",Materiais de Escritório e Informática,7376
01180300107OBR,Pintura 2ª demao,Mão de obra de Pintura e Outros Acabamentos,1461
01120102911OBR,"Cabo flexivel PVC 750V vermelho 4,0 mm²",Elétrica - Fios e Cabos,4924
01130100204OBR,"Registro de pressao base 25 mm 3/4""","Louças, Metais e Acessórios",4456
01130100302OBR,"Registro de pressao base 25 mm 3/4""","Louças, Metais e Acessórios",4456
01130100402OBR,"Registro de pressao base 25 mm 3/4""","Louças, Metais e Acessórios",4456
01130100502OBR,"Registro de pressao base 25 mm 3/4""","Louças, Metais e Acessórios",4456
01130100602OBR,"Registro de pressao base 25 mm 3/4""","Louças, Metais e Acessórios",4456
01130100702OBR,"Registro de pressao base 25 mm 3/4""","Louças, Metais e Acessórios",4456
01130100802OBR,"Registro de pressao base 25 mm 3/4""","Louças, Metais e Acessórios",4456
01130100902OBR,"Registro de pressao base 25 mm 3/4""","Louças, Metais e Acessórios",4456
01130214102OBR,Pintura de tubulacao incendio,Mão de obra de Pintura e Outros Acabamentos,1472
01120102902OBR,"Cabo flexivel PVC 750V vermelho 2,5 mm²",Elétrica - Fios e Cabos,4921
01060100502OBR,Aco CA50 8 mm,Aço e Acessórios,963
01120102102OBR,"Cabo flexivel PVC 750V vermelho 2,5 mm²",Elétrica - Fios e Cabos,4921
01170301301OBR,"Bobina de salva piso sem cola 1,3 x 100 m",Materiais de Escritório e Informática,7376
01050200213OBR,Dispenser para sabonete liquido de parede branco mod. Invoq ou similar,Materiais de Escritório e Informática,3708
01180200104OBR,Tela para amarracao aco galvanizado malha 15 x 15 mm - 12 x 50 cm,Aço e Acessórios,1892
01130100115OBR,"Valvula esfera passagem plena alavanca femea-femea 1""","Louças, Metais e Acessórios",3590
01180700102OBR,"Tela para amarracao aco galvanizado malha 15 x 15 mm - 7,5 x 50 cm",Aço e Acessórios,1895
01180300108OBR,Pintura 2ª demao,Mão de obra de Pintura e Outros Acabamentos,1461
01050200201OBR,Maleta de primeiros socorros,Materiais de Higiene e Limpeza,7952
01120103003OBR,"Cabo flexivel PVC 750V branco 2,5 mm²",Elétrica - Fios e Cabos,4865
01120102215OBR,"Cabo flexivel PVC 750V verde 1,5 mm²",Elétrica - Fios e Cabos,4895
01120102315OBR,"Cabo flexivel PVC 750V verde 1,5 mm²",Elétrica - Fios e Cabos,4895
01120102415OBR,"Cabo flexivel PVC 750V verde 1,5 mm²",Elétrica - Fios e Cabos,4895
01120102515OBR,"Cabo flexivel PVC 750V verde 1,5 mm²",Elétrica - Fios e Cabos,4895
01120102615OBR,"Cabo flexivel PVC 750V verde 1,5 mm²",Elétrica - Fios e Cabos,4895
01120102715OBR,"Cabo flexivel PVC 750V verde 1,5 mm²",Elétrica - Fios e Cabos,4895
01120102815OBR,"Cabo flexivel PVC 750V verde 1,5 mm²",Elétrica - Fios e Cabos,4895
01120103002OBR,"Cabo flexivel PVC 750V vermelho 2,5 mm²",Elétrica - Fios e Cabos,4921
01120103010OBR,"Cabo flexivel PVC 750V vermelho 4,0 mm²",Elétrica - Fios e Cabos,4924
01120103011OBR,"Cabo flexivel PVC 750V branco 4,0 mm²",Elétrica - Fios e Cabos,4868
01120102909OBR,"Cabo flexivel PVC 750V verde 6,0 mm²",Elétrica - Fios e Cabos,4906
01120102908OBR,"Cabo flexivel PVC 750V preto 6,0 mm²",Elétrica - Fios e Cabos,4892
01180300205OBR,Pintura 2ª demao,Mão de obra de Pintura e Outros Acabamentos,1461
01180300305OBR,Pintura 2ª demao,Mão de obra de Pintura e Outros Acabamentos,1461
01180300405OBR,Pintura 2ª demao,Mão de obra de Pintura e Outros Acabamentos,1461
01180300505OBR,Pintura 2ª demao,Mão de obra de Pintura e Outros Acabamentos,1461
01120102913OBR,"Cabo flexivel PVC 750V vermelho 6,0 mm²",Elétrica - Fios e Cabos,4926
01120102202OBR,"Cabo flexivel PVC 750V vermelho 2,5 mm²",Elétrica - Fios e Cabos,4921
01120102302OBR,"Cabo flexivel PVC 750V vermelho 2,5 mm²",Elétrica - Fios e Cabos,4921
01120102402OBR,"Cabo flexivel PVC 750V vermelho 2,5 mm²",Elétrica - Fios e Cabos,4921
01120102502OBR,"Cabo flexivel PVC 750V vermelho 2,5 mm²",Elétrica - Fios e Cabos,4921
01120102602OBR,"Cabo flexivel PVC 750V vermelho 2,5 mm²",Elétrica - Fios e Cabos,4921
01120102702OBR,"Cabo flexivel PVC 750V vermelho 2,5 mm²",Elétrica - Fios e Cabos,4921
01120102802OBR,"Cabo flexivel PVC 750V vermelho 2,5 mm²",Elétrica - Fios e Cabos,4921
01100101101OBR,"Tela para amarracao aco galvanizado malha 15 x 15 mm - 7,5 x 50 cm",Aço e Acessórios,1895
01120103022OBR,"Cabo flexivel PVC 750V verde 1,5 mm²",Elétrica - Fios e Cabos,4895
0102010113OBRP,"Bobina de salva piso sem cola 1,3 x 100 m",Materiais de Escritório e Informática,7376
01130100122OBR,"Torneira jardim metalica cromada curta 1/2""","Louças, Metais e Acessórios",3749
01130100228OBR,"Torneira jardim metalica cromada curta 1/2""","Louças, Metais e Acessórios",3749
0102010129OBRP,"Bobina de salva piso sem cola 1,3 x 100 m",Materiais de Escritório e Informática,7376
01120102912OBR,"Cabo flexivel PVC 750V branco 4,0 mm²",Elétrica - Fios e Cabos,4868
0102010107OBRP,Bloco de espuma,Materiais de Higiene e Limpeza,8036
01120103014OBR,"Cabo flexivel PVC 750V amarelo 1,5 mm²",Elétrica - Fios e Cabos,4836
0102010114OBRP,"Bobina de salva piso sem cola 1,3 x 100 m",Materiais de Escritório e Informática,7376
01180300602OBR,Bloco de espuma,Materiais de Higiene e Limpeza,8036
01160201901OBR,Removedor para limpeza de pisos 5 L,Materiais de Higiene e Limpeza,7991
0102010104OBRP,Bloco de espuma,Materiais de Higiene e Limpeza,8036
0102010103OBRP,Bloco de espuma,Materiais de Higiene e Limpeza,8036
0102010102OBRP,Bloco de espuma,Materiais de Higiene e Limpeza,8036
01240100104OBR,Emassamento 2ª demao,Mão de obra de Pintura e Outros Acabamentos,1303
01240100204OBR,Emassamento 2ª demao,Mão de obra de Pintura e Outros Acabamentos,1303
01240100304OBR,Emassamento 2ª demao,Mão de obra de Pintura e Outros Acabamentos,1303
01240100404OBR,Emassamento 2ª demao,Mão de obra de Pintura e Outros Acabamentos,1303
01240100504OBR,Emassamento 2ª demao,Mão de obra de Pintura e Outros Acabamentos,1303
01240100604OBR,Emassamento 2ª demao,Mão de obra de Pintura e Outros Acabamentos,1303
01240100704OBR,Emassamento 2ª demao,Mão de obra de Pintura e Outros Acabamentos,1303
01240100804OBR,Emassamento 2ª demao,Mão de obra de Pintura e Outros Acabamentos,1303
01240100904OBR,Emassamento 2ª demao,Mão de obra de Pintura e Outros Acabamentos,1303
01240101004OBR,Emassamento 2ª demao,Mão de obra de Pintura e Outros Acabamentos,1303
0102010105OBRP,Bloco de espuma,Materiais de Higiene e Limpeza,8036
01160201902OBR,Bloco de espuma,Materiais de Higiene e Limpeza,8036
0102010108OBRP,Bloco de espuma,Materiais de Higiene e Limpeza,8036
0102010111OBRP,Bloco de espuma,Materiais de Higiene e Limpeza,8036
0102010138OBRP,Bloco de espuma,Materiais de Higiene e Limpeza,8036
0102010139OBRP,Bloco de espuma,Materiais de Higiene e Limpeza,8036
01050300103OBR,Vareta de inspecao para ceramica,Ferramentas,13637
01130300101OBR,"Prolongador latao para torneira curto 1/2""","Louças, Metais e Acessórios",4418